times,Brier
5,0.173515647365618
10,0.196272645118788
